set_name,f1,acc,auc
ptbxl_sub_class,12.561955469845005,53.89450779707458,47.40676438626597
