set_name,f1,acc,auc
ptbxl_form,14.414568934795598,56.261961722488024,52.796477834329444
