set_name,f1,acc,auc
ptbxl_rhythm,11.4277457095876,53.078328566889105,46.262230993574995
