set_name,f1,acc,auc
ptbxl_super_class,40.5181711754896,33.920296570898984,49.15207719472424
